observed,computed
0.8,-0.9465905732528085
0.8,-0.9738750617884564
1.9,1.2579414406753122
1.7,0.925087247305254
1.5,0.47196713577991545
0.8,-0.8017586696911582
0.9,-0.3521677079286634
1.0,0.7094174794167756
0.4,-1.708803668209513
0.5,-1.326609798031593
0.6,-0.3406696287735753
0.5,-1.1070068111017815
0.5,-1.8077070631234173
0.9,-0.07410194329445546
1.2,1.290027051431671
0.9,0.02886349357818272
1.7,2.7083929756263743
1.6,1.8259257586378543
1.6,2.482946450201049
2.3,3.330587833377141
2.2,3.2295613602003392
1.9,1.6495181823169012
2.1,2.278399801877063
1.3,0.27861559874722563
1.8,1.9560827664566918
2.0,2.1192871546589886
2.6,1.6465702753981286
2.2,2.0754693505519533
2.0,2.1814574566030687
2.3,2.2774350845463847
0.7,-0.49373637883199745
2.3,3.1526223919857554
2.3,1.8391299166835622
1.1,0.22230991842085582
1.6,1.2332637506561086
1.8,2.2377882389451274
2.2,3.0694926715042405
3.3,4.216800210673115
3.6,3.7623227466636266
2.5,1.1408473115440683
3.2,3.755126461666213
2.1,1.011588078941181
1.4,0.7125026308393626
2.4,0.6876225991013002
2.6,2.6881224979250304
2.9,3.7637153805294066
1.8,2.2046426520569242
2.3,3.137105371764737
2.9,4.128762368082103
2.5,3.9995170964684656
3.2,4.6676404445276924
3.3,5.540455211439266
2.9,4.8062094143985
3.8,6.741136290313015
2.6,4.563550434974915
2.5,3.808283789750857
2.7,4.8498224158986325
3.1,5.349154414983161
3.0,4.545497154787823
3.5,5.173840256417684
3.4,4.864908852732272
4.1,5.310309226627433
4.5,3.621998231299982
1.3,0.1723870581546915
1.9,2.13764483570091
3.0,3.5682853329209596
3.5,5.222688029540337
4.4,6.524410100594929
2.5,2.992416382821013
4.5,6.321179534805993
3.8,5.127678027878468
4.3,6.558245847802978
1.7,1.6844901598416266
2.9,4.713789566117268
3.1,4.803032441483048
3.9,6.264042516433715
4.1,6.913228251542108
3.5,6.194477308835735
3.7,6.22210433445718
1.9,2.33977718554639
2.5,4.253537910382205
1.7,2.061368766383422
2.5,3.5693000549675507
4.4,6.988558283104007
4.9,7.295501214478922
4.5,6.518723659937652
5.3,7.648234130730356
5.7,7.724190303284889
6.4,8.331796713542783
5.3,6.627122273679129
5.9,7.627617509671706
6.1,8.490635024950985
4.2,5.4119366372564475
4.3,6.015250936781146
6.6,9.124893995690458
6.2,8.494078024411998
5.9,7.588848941198953
5.6,6.892278843382199
6.7,8.130036291603929
7.3,8.512062567226762
7.4,9.603555719179633
6.5,8.662914350031148
7.2,9.01466175431901
7.7,9.041417443579794
8.4,9.735363677850195
7.8,8.782801186144551
8.7,10.13251352036403
8.7,11.183596053913757
6.5,9.319903011691947
7.6,9.623594539935802
9.3,10.385349596378964
8.7,9.35988865942248
9.4,10.814656787246676
8.4,9.87002085799778
9.6,10.20495091091706
7.6,7.496305774591131
10.2,10.228946334005645
8.8,8.156263852223159
9.1,9.682267125945954
8.0,13.9775897517902
8.6,10.689805673116197
8.4,10.788335798567813
8.0,9.697735224406705
9.8,10.47238574913096
11.1,10.939192710492275
11.6,10.760114210893324
11.7,9.646216192110986
13.2,11.576146271442413
10.0,9.863579547090985
10.8,10.216786490956599
11.5,10.379810717680845
12.2,10.711287993416068
12.5,11.195975431897134
11.2,9.78004480408938
9.5,8.991295500719916
8.6,9.437794901700626
8.5,10.417313250641117
7.8,10.078834863339276
4.0,4.328063362158314
3.0,2.5200913710685926
7.1,9.042673753809773
8.8,10.167217860136846
10.0,11.426565414771412
7.5,9.83731933964164
6.5,8.836235739762218
6.7,8.991542292919387
7.7,9.874214912867679
8.3,9.837697651346778
9.1,10.524427464111692
8.8,10.065543604305054
10.2,11.486815646518577
10.2,10.967388588346603
12.0,11.377547659804396
12.3,11.023572944568418
11.6,10.592914778947522
7.1,6.786865570835039
7.5,6.578185842722167
9.5,9.162580392949149
12.3,11.824627473408286
12.7,12.006818779045693
12.2,11.47697814615887
11.8,11.073466727952294
13.6,12.183980275364103
12.3,11.178847939764612
10.8,11.313119440897072
10.2,11.444111476917335
10.2,11.20542863271046
11.1,11.979829940679807
10.7,11.64432202573315
11.6,12.131254355269071
10.8,11.795161596741602
11.2,12.12724407944393
9.6,10.358250603646578
11.9,11.430457774360118
13.5,12.048725528825894
13.5,11.663259054143747
13.3,11.35957530174432
12.5,11.27161594926494
11.8,11.683378742504889
11.5,11.817419877885545
11.3,11.59890100899559
10.8,11.561759010654635
11.9,12.131884861110398
11.8,12.447641538986746
10.9,11.675833707009836
11.8,12.155686441129546
12.0,11.896331183231856
13.1,11.889080437437437
12.4,11.80379100223296
11.6,10.679534134274652
11.6,11.55457505009248
10.7,11.134822412584748
12.3,11.567819171914444
12.8,18.986007819786423
12.7,10.971270657715758
13.5,11.56417710567172
13.3,12.328723482603394
10.1,12.034768004325368
9.5,10.842708577333598
10.0,10.601299870303672
8.7,8.914735176977649
8.7,9.752850509402451
10.5,11.707492415401944
11.3,11.739463362064733
10.9,10.89924677969128
11.7,11.841447558826813
11.6,11.555593699966463
11.4,11.290166407673986
12.9,12.334589727831961
12.9,12.531004187481827
12.0,11.835551301727037
11.7,11.380524365473663
11.9,11.305831000193557
12.7,11.028523151321712
12.9,10.881565923747951
14.2,11.866545711537135
14.2,12.12381445825575
12.8,11.463327490377754
11.2,10.782117825597311
10.6,10.337849054525652
11.2,10.693214030392248
11.0,10.45604812484626
10.9,10.732660039964818
10.1,10.273428289940346
9.9,10.662777683119687
9.0,10.64051819543413
8.3,9.420647269731036
8.9,9.247579901419455
10.8,10.314881667333777
10.2,10.309413232607177
7.6,7.950452707512155
6.7,6.824952478681318
8.7,9.485626815854593
8.6,9.359973276192532
8.1,8.582367070599593
9.3,9.717224613110321
9.8,9.520805762268479
9.4,8.939611768553092
9.5,9.194221091359157
9.9,9.09034152816354
10.7,9.301412983528287
11.2,9.605557606001572
10.9,9.01037299527659
10.2,8.644594443134807
9.0,7.212983085323521
11.2,9.447616304966381
9.8,9.705228638374743
8.1,9.175009324373246
6.2,7.0993265850070655
7.5,8.286404854500786
7.5,7.969854222825334
9.2,8.575040987232747
7.8,8.441518927292725
8.0,8.730701222945715
7.1,8.069869760754987
6.4,7.481231389518555
6.7,7.870965236902273
6.9,7.550438795694399
7.5,8.050487451961775
8.0,8.267536431209574
8.7,8.578668715369625
8.4,8.457192270416652
7.2,7.22700082267806
7.4,7.424899906066121
8.2,7.3477438403461734
7.3,6.705012540157967
7.9,8.047977089727791
7.1,7.599384724843771
6.6,7.0319526038204305
7.2,7.302196659282409
7.8,7.668583547466663
7.2,6.859743066620269
7.6,7.186067043372768
8.4,7.811881615925904
7.3,7.195868522294539
7.9,7.5662486090736145
7.6,7.387741795248965
7.2,7.184548907968399
8.1,7.4604659130241515
7.6,7.437686491114076
5.8,6.197037953104136
5.7,6.141076556819753
4.9,5.575927026354119
5.4,5.8217521575484925
5.7,6.330430935101233
4.4,5.102309169521305
4.8,5.531253826612187
4.7,5.3451530097760305
5.4,6.159720932785039
4.7,5.517315557648804
5.2,5.835263994307105
5.1,5.867796453322572
4.7,4.752276365144516
4.0,3.997926605314318
2.0,1.0799367407071476
3.3,3.4124089983751893
3.0,3.0316784612822576
3.7,3.91113015243493
3.8,3.675594900622273
2.4,1.096704123233041
2.5,2.305363075496343
2.3,1.9104830256835141
1.7,0.5640379783072602
1.0,2.5365634323998947
1.8,0.42784107403345323
2.1,1.7664812689579557
2.1,2.4426333314727198
1.7,1.3007401436134545
2.7,2.779961300637772
2.1,1.6808002097649493
2.1,2.3223661330569856
2.1,2.210019338799035
2.8,3.655825253588209
1.6,1.3447847155220076
0.8,-0.788441591730499
0.5,-1.804398744596892
0.7,-0.9206356870363835
1.7,1.0576641760942223
1.5,1.4784410079741557
1.7,1.9949622875070279
1.0,-0.7683628223629402
1.0,-0.006554359112273892
1.8,2.001714015664792
2.0,2.162331851838006
0.5,-1.4445379550457296
0.7,-0.9651752746301662
0.9,-0.02428065499039318
1.0,0.45696207228789626
0.7,-0.6498296252296268
1.2,1.1818503668160776
1.3,1.2672690267040525
1.4,1.6499638576335522
1.2,1.2352621661339354
1.4,0.1795545489652003
2.0,1.3742160388817513
1.6,1.3766828077422775
2.1,2.4221806436687885
1.5,0.7743803974352089
1.4,0.42492995669263095
1.3,0.508116680558696
1.9,2.7477849934277208
0.7,-1.200374493099589
1.1,0.5049468103185838
1.4,0.6378853241458402
1.2,-0.02336261259951874
1.1,0.5501054958061026
1.4,2.2374664959502732
1.1,1.1293666744954978
2.3,1.972744370254912
3.3,1.97136546995889
0.6,-1.4103430722402526
0.9,0.33506607146981043
0.7,-0.46197861205509483
0.3,-1.8873007093443108
0.1,-2.3088375365866063
0.2,-1.9856988812901986
1.0,1.6889583387046894
1.2,2.409500709044795
1.7,2.928604859531146
1.9,1.700558667975273
1.5,0.14790167923045142
0.4,-1.3007011434855018
0.9,0.35760397778002456
0.7,0.7836613672404465
0.2,-2.134777457442649
0.4,-1.7245773251670278
1.2,0.110915964647745
1.3,-0.3702184921796931
0.9,0.13510180564078172
0.4,-1.250024706374768
0.1,-2.0816373929739718
0.8,-0.025420759819864882
0.3,-1.7107426210144057
0.4,-1.4753716732009599
2.0,3.127431955436371
1.2,1.4215815621202423
1.2,1.5587657357111548
1.1,0.828508350178627
0.8,-0.4918668696263869
0.6,-0.14954241706564775
1.8,2.3670251104413897
2.3,2.775856715606048
1.3,1.9526734937910457
1.2,1.8216095815860196
0.5,-0.4132444922634593
1.7,2.753402009443239
1.3,1.3453117056706174
1.5,2.305816244778038
1.7,2.5486121033467524
1.3,1.2849212078462728
1.7,1.7946526271597376
1.9,0.470984873702865
2.9,2.818784190688731
2.3,3.6790311823887514
1.5,2.583154908474884
1.8,3.204293403839717
1.7,2.780783871688748
1.8,2.9850202223435787
1.8,2.8520884758097487
1.9,2.7774436332347574
2.0,2.611400739566139
2.3,3.298730426574656
2.6,3.6131201526552292
2.6,3.3261020993863046
2.5,3.884709419685584
2.8,4.03005054768809
2.2,2.9742047400507245
3.1,4.882005165526447
3.7,5.313976783440555
3.3,4.930088841591417
3.6,5.271295401881351
2.9,4.078516056922912
2.8,4.081233568252512
2.9,3.841007485907811
3.2,4.518166666678561
3.4,4.649854049018075
3.3,3.1129806542094043
2.7,1.5579497882869116
2.6,3.260981137154084
1.0,-0.17293258894244
1.1,0.24479173529360868
1.3,1.2017584243918695
2.7,4.395036108663451
2.3,3.3279740440073553
2.7,3.8064263837847654
3.4,5.240101644578941
3.1,4.8147295760826525
4.0,5.572867433467728
6.8,9.592577214603129
4.7,7.9348156328859885
4.1,7.289094582451457
3.8,6.462923957074901
4.4,7.045392619995911
4.3,6.500036438332532
5.0,7.699660309550327
4.4,6.820479025562562
4.5,7.048683651240726
5.1,7.220196563030065
5.6,7.470930844889154
6.2,7.654641001106003
6.3,7.925794790979663
6.6,8.490828469839823
6.7,8.335207893892814
5.1,7.036879282050897
5.3,6.926645754330764
7.4,8.557828508490807
9.3,10.638836327803
5.8,8.375481647755766
6.7,8.80597841517723
6.8,8.933009841803447
7.0,9.147954495678052
7.2,9.229803058791145
7.1,8.57663827204695
6.5,8.336867823615197
7.0,8.823127163707069
6.4,8.18621959587731
7.2,7.973888459130195
9.5,10.361819058049585
6.4,8.323116533412069
7.0,8.810201735355689
7.4,8.255927649245056
8.4,8.783644588281625
6.7,6.651139922950821
4.4,5.040344696358315
0.8,0.3833136350136089
1.8,1.6729807180578997
2.5,2.6949955986833327
5.6,7.966169111104435
5.3,7.199510865998618
2.1,2.407465604501635
4.2,6.386360362777788
5.2,8.18750310830045
2.1,2.4653082897940815
2.9,4.274688795187547
5.0,7.132296611077289
6.2,8.751086120721823
5.6,7.217930698681256
6.0,6.890485248942477
5.3,7.001341262991279
8.2,10.884786965236488
8.8,12.82381938164189
8.1,11.73215023460685
7.2,9.933695480866437
7.7,9.932905200889103
7.9,10.203308630337066
4.5,7.602776709265549
4.3,6.822862666518162
2.9,3.9843251348712276
5.5,7.996858340288696
6.6,8.757212696296168
8.4,9.91746991527492
9.2,9.616368810485339
11.0,12.076559547551504
10.2,12.323472534990396
8.7,9.933599806098519
10.5,11.240878304576695
5.4,6.944838512621955
8.0,10.384584127162745
8.8,10.526455929164044
9.9,10.708794828762867
11.1,11.482582714408785
13.7,12.77663831260877
11.7,10.689065622071213
11.2,11.325832568909242
11.6,11.878718144794963
10.0,11.361468275524368
10.1,11.311738595302655
10.1,11.759361544854892
7.4,8.857661228126755
8.4,10.838724149742644
9.0,11.5984699854778
9.0,10.394595374362599
9.2,9.907999580123498
12.5,12.539770401945159
11.1,11.902127052368613
8.9,10.132958378317506
9.2,12.068499829346852
7.4,10.1433395132768
7.8,10.618410079577766
8.6,10.895841139745588
10.4,12.112532925600792
10.0,11.093053934413698
10.8,11.639917748218416
10.0,10.974175698482536
10.9,10.595153920622957
11.6,10.401201418041124
12.4,11.278018453455122
10.5,10.687923089733516
11.0,11.326894887409242
12.3,11.518649574739198
13.1,11.388654125259448
9.5,8.889305768280638
10.2,10.633816055092998
9.9,9.310558118896763
9.4,7.780440551911783
9.6,8.688599505659226
11.2,10.970474423614474
13.8,12.844870711338976
15.6,14.023288885012875
14.4,13.506776233346283
12.8,12.612367296632817
11.6,11.394030002797958
13.4,12.209738513120824
14.2,12.603665771723087
14.1,12.49280227898471
14.1,13.524327421168087
13.4,13.248701370575095
13.5,12.701485243584521
13.4,12.149812609821094
14.3,12.572180441306768
12.8,11.497343521904448
14.4,12.466207986017801
13.3,12.572532732916349
12.2,12.161984495104573
11.8,11.621405570092222
13.9,12.98024987789609
12.4,11.988765600274872
12.3,11.07023625687251
12.7,11.179427168622487
13.4,11.279514827109512
13.3,11.397378376527657
13.1,11.407032072685617
13.4,11.405859768097267
13.2,11.006869479260807
12.6,10.49716355750334
13.5,11.431510232751227
13.6,11.362501683267977
13.9,11.659293219736366
14.9,12.213428460763861
14.3,12.14893873649745
12.3,10.786380137788997
12.8,11.107937394073845
11.9,10.947891368162502
12.4,11.558957544811774
12.0,11.224557551619087
10.5,10.597972623535103
9.7,9.006972667828094
11.2,11.085306646446861
9.2,9.905934348947984
9.7,10.201745430817097
12.0,11.538919335941067
11.7,10.921633679532903
11.2,10.667276026019819
9.4,9.741790299345082
9.2,10.21465811195875
9.3,10.251348058585558
9.9,10.563170904009729
9.2,10.138097934996365
10.4,10.385646183688165
12.0,11.082380271500265
11.5,10.66848305347305
10.8,10.041052154490183
10.8,10.01346659683179
10.7,10.161862885186206
10.2,9.864710891859673
10.8,9.727193506510853
9.8,8.176168087365456
8.2,6.548206235499504
12.0,9.749312004394623
12.3,9.770043482432111
12.3,9.785303927367998
11.7,9.557682990495463
11.1,9.199318597656095
11.5,9.419715853407373
11.7,9.660879428865567
11.5,9.459428771784342
10.8,9.128803085349386
10.3,8.586677632231984
10.1,8.257429386123388
10.3,8.462469171841477
9.7,8.737865907358717
9.3,8.470051477137227
8.0,7.800825838917303
7.9,8.199497840010423
8.5,8.5896632180443
8.8,8.860870719100244
8.5,8.732120151251037
8.6,8.55263488672827
8.9,8.929728517304707
8.1,8.090212660318814
8.7,8.86219846683231
7.9,8.592407402726208
8.4,8.393524099831282
6.5,7.210068727319402
6.4,7.012773265944009
6.4,6.990596651188802
7.1,7.295661167210684
7.1,7.546411569062361
6.1,7.085568963586854
6.6,7.486946081836906
6.7,7.256342222585213
6.8,7.215606491567954
6.6,6.841696969845333
7.5,7.327837730112555
8.3,8.017481005042072
6.7,6.978777329941052
5.7,6.186606441714218
6.5,6.47323703673019
5.3,5.60419025058367
4.6,5.05055602198072
4.3,4.888762176885295
5.1,5.715411444426066
5.5,5.988220568245949
7.0,7.1010755176271365
5.7,6.323305119657349
4.2,4.7740799612330385
4.0,3.8147040031594956
3.8,4.3466464387289205
4.0,4.705699620439919
4.9,5.2641750149102124
5.2,5.46202080279809
6.3,6.303202842028388
5.2,5.438238276892432
5.1,5.157968887177515
4.8,4.99454892081411
5.1,5.324837546959796
4.3,4.688151489281039
4.7,5.168732482192011
4.6,5.023988521948454
3.0,2.8448881907017243
2.1,1.6753848552366535
2.7,2.5034466826967416
2.8,3.079397606241491
3.2,3.0587020497488293
3.7,3.8541938990495694
2.7,2.8009964213969853
3.0,3.09920475679441
3.3,3.290957734367923
2.9,2.577713217637112
3.9,4.115925005209389
2.6,1.9295681095087582
1.9,1.4969609301618794
2.4,2.3313501676055988
3.4,3.1277428226741932
2.3,1.9983668394398997
2.5,2.6661411855905763
1.6,-0.07068301565073207
1.9,2.266885810480375
1.6,1.8188171185488087
0.6,-2.246734365741342
1.8,2.138285716394897
1.4,1.5671004051467026
1.4,1.345411800477105
1.5,1.766143778102143
1.7,1.5133259760100368
2.0,1.2162542793644657
2.0,0.43962520567237506
1.7,1.8500330710238222
0.2,-3.4416187604989124
0.3,-3.627415239062136
1.0,0.5240192715044393
0.1,-4.218646798695189
1.1,0.15647673670944995
1.1,0.9014142324726254
0.8,0.059632976000817066
0.6,-1.4160454763630486
0.5,-1.480374276235033
0.6,-1.1270034775325593
0.5,-1.487871402174393
0.5,-1.5130192882885563
0.1,-3.041622269379355
0.4,-1.7091946546934018
0.6,-0.6449586395235644
1.2,0.8292670662245688
0.9,0.07345679431353165
1.4,1.4846873874927453
0.7,-0.5404805499172949
0.9,-0.41654934140994837
1.7,-0.5436378365292323
0.4,-2.6473714383323275
0.3,-2.5376472699597508
0.6,-1.330203256962693
0.6,-1.6587041015240251
0.8,-0.9676804817227457
1.4,1.3240423644789032
0.5,-1.1800842003981111
1.1,0.5706637615851536
1.2,0.246876782133357
0.9,-0.16355015860624378
0.5,-0.5364868133230452
0.6,-0.9759647590215086
0.3,-2.1583398991352643
0.5,-1.0621164917660388
0.3,-1.4731088772093521
0.7,-0.9721997411894111
0.5,-1.9028304638775175
0.6,-0.7015117145639471
0.1,-2.617587851381432
0.2,-1.7360167719737318
0.5,-0.8880114263011367
1.5,2.6665670922339837
1.2,1.4492359708549378
0.3,-0.478859352407731
0.9,0.6061786425557105
0.9,0.44629316380535916
0.9,-0.3394219835128026
1.0,1.1525841849835348
1.3,1.9074666713783206
0.5,-1.3057134035345086
0.4,-0.9407056663723486
0.9,0.7862220143001077
0.8,0.05204969784919646
0.9,0.4146320181494488
0.9,0.20631546832287143
1.0,0.7077330960056901
0.9,0.1361608608620705
1.4,1.3003359480076586
0.5,-1.4599836256039338
1.7,2.5425622304875093
0.8,-0.03383982430605037
1.7,2.611135340377061
1.6,2.3483558960567628
1.5,2.0363481002738175
1.4,1.6671168748234912
2.0,2.7977492596583415
2.0,2.396980195969808
1.0,0.03276850112576737
1.7,2.273704513399629
0.8,-0.9112958461004974
1.1,1.2321738819506718
1.5,3.47694370059032
1.3,2.2457959387006357
2.0,4.5161339514482775
0.6,-2.0804990905746967
1.2,0.47322518111935596
0.5,-1.3780480505017247
0.8,-0.8176193989426246
0.9,-0.15860809534569953
1.9,3.2960892522599505
1.9,3.225715624261641
2.3,3.886158247884844
2.4,3.6392901366787784
2.1,2.5859998718665103
1.5,0.6510547287470501
2.0,1.7335184377348503
2.5,3.722979255011545
2.7,3.6006606827513754
3.4,3.8832114352265283
2.0,1.524698208105932
1.2,-0.42117106368001844
2.5,2.4502298799601805
3.3,3.959867166794283
2.9,3.95282610459648
2.5,3.948883147988276
2.1,2.701825579198518
3.1,6.277860454634525
2.7,3.2973560326632536
2.6,4.445078640630461
3.0,4.376077158033946
2.6,2.5840079527068944
1.9,1.1346272136349291
2.8,2.6441655336603875
5.1,5.073601659643631
4.1,5.2078568601742825
4.6,6.1666378329204345
5.3,7.7277597170294134
4.7,7.715780219036387
2.8,4.357791131432767
2.2,2.1900701990347655
3.7,6.470176963904635
3.1,4.794369951164719
4.3,6.27448899704143
3.7,5.008378283524662
3.7,5.768165855612936
4.5,6.504415078610648
3.9,5.391513152285313
3.7,4.127670694103107
3.4,3.807136643711765
3.6,6.118864921679808
4.2,6.967836093541086
4.0,6.098249871459349
5.9,8.37050406901612
5.6,8.6388355460319
5.2,7.170701869195127
5.3,7.116343799368385
7.4,10.467893164193915
6.1,8.828304361242546
7.2,10.239404367847488
5.7,7.863707073657641
6.3,7.79556091693406
7.2,8.605779355895814
7.1,8.253861612700625
7.6,8.632994315358534
8.1,8.710240841261852
9.2,9.811978863423668
8.0,9.289183260873733
7.0,8.042349331774894
7.9,8.949336419607064
7.4,8.985995350681232
7.4,9.092177342851773
6.6,7.417393326483595
8.1,9.897175721809303
7.3,8.600151531644823
8.2,8.474024339252244
8.1,8.616259961125209
8.0,9.156275496968028
8.2,11.054194932190743
6.1,8.282029311844514
5.7,8.465875685374115
5.3,7.701142285102719
5.0,6.664746925333555
7.8,10.756383677599716
7.9,10.098411548784947
6.7,7.393006017360208
8.5,9.80241945547141
9.6,11.255675023931753
10.6,11.480199540882595
10.5,11.1425650405541
10.4,10.388824953858283
10.6,9.997399207492494
10.1,9.275634258776472
10.2,9.59429877750091
12.3,11.707644395912707
4.6,4.449020574623022
4.7,5.656494361298894
4.1,5.120025781563091
8.7,10.711708565133303
8.3,10.433157562639956
7.5,14.25418833499673
7.6,9.322165664267581
10.0,10.764487118216637
11.0,11.99501520532892
11.7,13.609447818042849
10.1,11.748116196902934
9.9,10.718517074175672
11.3,13.063603549059598
9.9,11.844946031953008
11.9,14.044633056561809
11.7,14.233131966277467
11.7,13.531235547348498
11.5,12.403001980973023
12.3,13.296882817396366
11.4,13.154592945828544
9.4,11.505088470678013
9.8,11.5149326042489
11.7,11.96602190103871
14.2,13.161736258091745
11.5,10.37097639888668
12.6,12.416564487409032
8.0,9.241552849211791
8.6,9.371330177294336
11.0,11.513880444196857
10.1,10.460026521001069
10.2,11.005600273031922
12.3,12.896354597892943
10.3,11.310198395335972
11.0,11.932389632173056
11.1,11.755163146214132
13.7,12.893140322315427
13.7,12.89232402066573
13.8,12.826566839683606
14.4,13.499502304262272
14.1,13.137871502928377
14.8,13.006692974959892
14.9,13.562235158376584
13.2,12.30577457389721
12.4,11.924618257175064
14.0,12.516011011998174
14.1,12.72131494342332
11.3,11.634594299013925
11.3,11.722226672853465
11.9,11.884058258065338
11.1,11.395994912591153
11.0,12.305966207353483
10.8,12.249007094851367
12.0,12.412290415820756
13.6,13.346090327496174
13.0,12.613451209946183
13.7,12.913895716152176
15.1,13.46682193719489
14.8,13.035820240221236
13.9,12.41240646914144
15.2,12.445165337979605
15.9,12.354953408042556
14.8,13.273701458942728
14.0,12.933113305128552
13.6,12.595625232446189
13.4,12.517023838667201
13.7,12.683857452070011
15.1,13.273913187748015
14.4,13.50455021535478
13.6,13.179016520174429
12.6,11.743394898895176
13.6,11.777854856597386
15.3,12.698113067095985
13.5,11.108270417686068
11.4,9.481472482430984
13.4,11.08643872930724
14.5,12.165634723914565
15.2,12.77140241854706
14.9,12.943496998097487
13.8,12.665522565048986
13.6,12.478039023059189
13.6,12.18352290594003
12.4,11.382044818984488
13.2,12.504813750219784
14.1,13.752204203432056
12.6,12.644235814120151
12.2,12.105715188680948
11.6,11.335333684255739
11.8,11.138857328306282
12.4,11.330671840874896
12.8,11.003381911884258
10.4,8.58225051483231
9.0,7.368276245246428
12.8,11.586278769946068
13.3,11.468101863721254
13.3,11.911133162175997
13.7,12.323885224838833
12.6,11.646164573575797
9.6,9.990536293305148
10.5,10.469811529899678
8.5,8.338429035897668
8.9,9.227235625852861
10.4,10.625689915663152
9.5,10.145134139397296
8.7,9.296408235259124
10.2,10.385483920123574
10.7,10.606964803033714
10.5,10.427136259003133
10.4,10.035121175165735
10.3,10.415095072533727
8.9,10.046315316522556
8.9,9.442007144429608
10.0,9.662152433716612
10.8,10.022793301130461
10.6,9.91193092950688
10.4,9.881270800186833
10.5,9.858137640211277
10.7,10.297405155572944
7.6,8.608279613106365
8.6,8.899843122742386
9.5,9.53966623391084
9.1,9.423793170981167
8.1,8.723181657315527
7.5,7.7303808664179705
9.4,8.903798533371388
10.2,9.326037591986932
9.8,8.683696088543291
3.9,3.249488970692302
5.5,6.921483994020987
2.4,1.0973697902924706
4.1,5.279781373201413
5.8,6.895402859399415
5.7,6.354981785113297
6.1,6.2342264568069385
7.9,7.821727164417933
6.2,6.478183401593963
6.6,6.892751873663587
6.4,6.781301732321034
5.9,6.305157011871085
3.3,2.3324207226620914
4.6,5.170703298934413
5.6,6.509178298034419
4.8,5.59113122648689
4.7,5.66092656603038
3.9,4.7989499126695225
4.5,5.632084281682113
5.6,6.678602787314767
6.4,7.142341365676835
5.9,6.588267503049979
6.3,6.9255607686047505
6.2,6.583073158820767
5.8,5.9377234429055115
6.5,7.084486868920621
5.9,6.196302224300514
5.2,5.407381195639548
4.8,5.194366559451501
4.3,5.097377732238515
4.1,4.712225540369896
4.5,5.040651757133538
5.2,5.716944372617937
6.1,6.106248144807038
7.0,6.615988338221111
2.8,1.2825183778078715
3.6,3.5755709066256185
4.7,4.0275948508008454
2.3,2.870096307664943
2.7,4.092580203644118
2.6,4.101683345910499
2.9,4.416034574495389
1.9,2.0729853719551294
2.8,4.006831938751606
3.3,4.68095514387677
2.9,4.015814220493779
3.1,4.26808790772258
2.8,3.8850091429187255
3.1,4.066269241473629
3.5,4.471447749281406
3.6,4.577449404124837
2.4,3.0035045915523293
2.2,2.372969476558512
2.3,2.7130222116494602
2.2,2.6620352263304774
2.2,2.445229601768456
2.5,2.511572843544569
1.9,1.7764977125317323
0.8,-0.3000784101746746
0.8,-0.5144860356917307
0.3,-1.6839618453953824
1.4,1.0327344389674034
2.2,2.4313596590381867
2.6,3.210469008125306
2.6,2.871347918278875
1.9,1.6973477225667812
1.9,1.6786298565551352
1.4,0.826595276392487
1.1,-0.23801703425656345
0.9,-0.19182133307196692
2.3,3.0410493980385502
1.0,0.909246509606364
1.6,2.3563281607734896
1.7,2.5267103071216566
1.7,2.471651344188197
1.4,1.8846830509366799
1.7,2.195175323395302
1.7,2.435291336520955
1.3,1.4528571800954246
1.3,0.8991026148790593
1.4,0.9153626479097996
1.2,1.035220220564494
1.5,2.0487481955194005
0.0,-3.5223930594944926
0.1,-2.8025417480726116
0.9,-0.19048404961002463
0.9,0.7732198129303549
1.3,1.4836429137574425
1.2,1.5652401616839995
1.3,1.3968792821128426
1.1,0.9080719576547625
1.3,1.204068734138065
0.3,-2.142788383422166
0.6,-0.7031356290637076
0.5,-0.4376565308183017
0.0,-3.776567102477777
0.0,-3.0964203779717767
0.1,-2.480052815042954
0.1,-2.8403782301302387
0.3,-1.7346603567794432
0.2,-2.4157402039862186
0.8,0.43142792363678933
0.3,-1.8090715331673577
0.2,-1.7956432529326454
1.0,0.9897659499637886
1.3,1.5082459319174049
0.7,-1.1958082805606254
0.6,-0.46937348429403375
1.2,1.6362480034637366
0.8,0.4555252072730285
0.8,0.33874517938188936
0.9,0.4652604154677409
1.5,1.257311894045361
1.4,1.0581096184476908
1.5,1.9341934447256934
1.3,1.217725551226775
1.7,1.8579624721673238
1.3,0.6527586773954317
1.2,0.9460160555853732
0.9,0.040464765640341425
0.6,-1.1282174296094236
0.2,-2.223709867531227
0.3,-1.4010408800412155
0.9,0.8383657891711263
1.2,1.3355082543920205
0.7,0.48059982704358595
0.9,1.0933464353930409
0.3,-1.151993433951769
0.0,-2.512036120317217
0.1,-2.4307709276260505
0.7,-0.19300810747520095
2.1,3.3817798057777635
1.5,2.1227462980571845
1.5,2.23895192526931
1.8,2.993257811344811
1.2,0.34690555048538274
1.5,1.4617534593712285
2.7,6.775753530715658
1.0,0.964472055909412
2.5,3.232295098417746
1.3,1.092306460416034
1.7,2.7480854238031127
0.8,-0.7068431136072477
2.4,4.929732295260499
1.8,3.3556820926328603
2.3,3.4895183470424436
1.9,2.9196831437272053
1.6,1.6153961809346877
3.0,3.7425412148321726
5.1,8.662972268021184
3.8,7.251847778526119
2.8,5.572583874230779
3.6,4.012569574310924
1.3,1.7317688911234135
1.4,1.7763897687931636
1.7,3.363750334185974
1.9,2.6678704443472623
1.5,1.2857453992052406
2.5,4.1311444630807
2.8,4.291075823354536
2.4,3.1568881616369597
2.8,3.5631721739439546
3.2,4.316529183661682
2.8,3.7353502314134133
2.8,3.716689401849026
1.2,-0.23301987661975512
1.1,-0.45526860662244095
1.8,1.3672511536378753
2.4,3.8445784179904012
2.1,2.6659203855044185
3.6,5.692454027225492
3.7,5.521376881106767
4.0,6.118201901326734
3.3,4.755389454132829
1.6,1.2663611512513229
2.7,4.719875685603154
2.0,3.2045125787690765
3.2,5.979701230946152
3.4,5.782098126074287
2.2,3.08051118690045
3.7,4.802961332218551
5.6,7.149732526705714
4.6,6.319462405686281
3.1,2.8704201513372167
5.2,6.701354271481005
4.9,6.487721751569265
4.8,6.090219374836506
5.3,7.239384754112844
5.0,6.718955392721911
6.4,9.004481335676878
5.6,7.9826318449543665
5.6,7.732261255870316
4.3,6.202727653138847
5.5,7.385969999724796
5.7,7.489330945542943
5.8,7.8018730154215765
6.9,8.856814951634425
6.4,8.201215732499847
7.4,8.532350852829344
6.8,7.528823600508707
6.6,7.7226895095886885
5.5,7.3534971710472465
2.7,3.009083469683578
5.7,7.686154569291401
6.3,8.44527700220649
7.5,8.682350473772184
10.9,11.593003474724217
7.4,8.471837323995823
7.4,8.171991102681218
7.1,7.559666618160172
6.2,7.423384859786499
2.9,2.907762561370895
5.6,7.296364081319386
5.9,7.463751055475606
6.5,8.803968472488766
5.5,6.596478782423333
8.1,10.252618425987071
7.2,9.759608398809316
3.8,5.437105465852166
5.8,7.822478349086186
6.2,8.138186412314052
8.4,9.674737549619408
8.5,9.301726021869994
11.2,11.831549917153206
11.9,14.090502443918695
6.7,8.990659990576937
8.2,10.271209234929742
9.8,10.968690211063686
11.1,11.207155889966758
12.6,11.808534853882492
12.8,12.036784453799555
13.2,12.977524547373527
10.7,11.500823095489066
9.3,10.938273922167264
5.0,5.734219096711393
8.2,10.401790942981604
9.5,11.327814917823828
8.8,9.842870885353978
10.8,12.50056264998261
9.3,11.4220207443454
9.4,10.270136789005623
11.4,12.76177760200278
9.0,11.93940881246897
9.7,12.62676549537485
10.2,12.402019623087737
8.3,9.573107821690506
9.5,10.851034598777005
3.9,5.0564268323867525
9.1,12.110681798572722
9.1,10.880498412849498
9.1,10.290617757981426
2.0,1.0377350544797814
4.9,7.092379791949532
8.0,10.473438849660406
7.7,9.47600643280004
8.2,10.310914625817933
9.3,11.646559699367439
10.5,11.688573420934006
12.0,12.652785296142339
12.6,12.98297122379274
13.1,13.29412941931975
13.9,13.982394604205528
12.1,12.625495935149013
11.1,10.847893686390476
9.6,8.344625609382126
14.5,13.243466762289913
13.1,13.302900741967612
14.3,14.17254856073915
12.4,13.734574309647913
9.8,11.679108425052835
8.1,9.408973392699739
11.2,12.084053073905292
12.5,12.635714128192268
12.6,13.259533470189442
10.9,11.247828147353015
13.8,12.391041676165763
13.4,11.968509615029745
13.2,12.766021806469737
12.1,12.086833265413222
13.6,12.823537274403419
14.6,13.387509596421019
14.1,12.944387628366968
16.1,14.636994616729302
12.4,12.284252071752842
13.2,12.227632534980371
12.5,11.014884583687921
14.7,12.51069079513789
15.5,13.871309279831532
12.6,12.319917988393424
13.4,13.265112612898928
13.2,13.179699420752664
12.5,12.607922304899317
12.7,12.228943446155562
12.8,12.187351181906726
12.8,12.028714120811456
11.8,10.141901264703005
9.1,6.547399842889212
14.0,10.701007050507489
15.3,11.741348165296383
15.2,12.176639603067064
12.5,10.649280208733456
12.4,11.488743866198247
12.8,11.71287745897885
13.7,11.892732988707012
14.8,12.38404102440759
14.7,12.138671005784627
15.6,12.688199035332183
14.5,12.396639493501704
12.8,12.054625943413926
12.3,12.371580510216132
11.5,11.838114040373027
11.7,11.65817127210604
12.2,11.47972327834844
12.7,11.601646613367228
13.0,11.739561002036998
12.9,11.523547062794707
12.1,11.157123804043525
11.9,11.132464419043705
11.6,10.860814382975812
12.1,11.219055201811134
12.0,11.172127814803979
11.3,9.833946064776926
12.3,10.357732299864509
13.7,10.93468342988278
12.6,9.854373234810868
12.9,10.08120758613717
11.7,8.90740086246734
11.7,8.89856703736137
12.9,10.87655993781577
11.6,10.489662925440088
11.3,10.721839814973599
9.8,10.56184671461848
10.7,11.36851646372538
10.7,11.06738012002183
7.5,7.503352867448455
8.7,9.900535797026663
8.4,9.152499912950901
9.3,9.841191059872862
10.0,9.824909890276832
10.2,9.784659355047875
10.9,11.686898712167443
8.5,10.062511700258145
7.3,8.40972173297506
9.1,9.71853883122561
9.0,9.236530897324007
10.8,10.377776942954984
12.1,11.805268215479616
9.9,10.089558173221512
9.6,9.56185156907059
10.2,9.898953326316962
10.9,10.452021679530626
9.7,9.564771861736846
9.3,9.19803590561213
10.7,9.87350807683192
10.7,9.9604417251559
9.9,9.570162525798777
8.9,8.76130596210739
10.0,9.182142700147168
10.4,9.51018442247803
10.3,9.667951939125905
9.6,9.714312389333529
9.3,9.49412876307884
7.8,8.363908191116995
7.1,7.042234445467673
6.9,7.339962055001692
6.1,6.035675705844152
6.8,6.692298539736002
7.0,5.834556667668175
6.0,6.304007088368709
4.2,3.9978091092321058
6.4,6.842472723951501
6.3,6.794104167955163
6.4,6.791254211238947
7.0,7.3658725865819115
5.8,6.018929662575873
6.5,6.546623735547855
7.2,7.025387398545903
7.5,7.15540232479998
7.4,7.2445922809623955
6.5,6.512942555535563
9.0,8.300009539156537
6.8,6.839289960899171
5.9,6.476996237621427
6.6,7.736399363084148
5.8,6.936288798955634
6.2,7.193105126790996
6.2,7.129628573025337
5.7,6.397341520296616
5.7,6.46698654958628
5.8,6.592588883893178
5.0,5.67344768966856
5.8,6.302573584549803
5.5,5.952088188282314
4.8,5.251195601843856
6.3,5.651779962948053
4.5,4.494458581845009
3.9,4.962006782745249
4.3,5.138126809500747
4.4,5.151907104276313
4.6,5.175966791855366
4.6,5.133014677037899
4.9,4.887218154166484
3.3,3.1234590020368005
4.2,4.810261068672936
3.9,4.39195827601034
4.2,4.2941543601893155
3.2,3.5577643983022624
2.4,1.6648442840245161
3.8,5.145569527349794
3.2,4.109390370856267
3.4,4.621155780735157
3.6,4.799469049876121
4.6,5.5089433104209755
3.2,4.251535094176743
3.2,4.2831995957286875
3.6,4.526579858899136
3.5,4.425658844465171
3.3,4.1164509188295515
3.3,3.555077938855871
3.4,3.8879378675442866
4.1,4.159015772728016
3.3,3.329171884157403
1.1,-0.6410895759374533
1.9,0.8506464641915942
2.2,1.5405653600832183
2.3,1.3526459930875143
2.3,0.761028161691545
2.9,4.001776202543684
1.9,2.486663154950151
1.8,2.0760097785700395
2.0,2.6008865087717785
1.8,1.9083507745746922
2.3,3.101076217117415
1.7,2.2079646556769665
1.3,1.6011601721027766
1.2,1.1255419919260878
1.4,1.2328091000558672
1.7,1.894716132848306
1.2,1.140536565257032
1.3,1.3337694900983288
1.2,1.040779561406703
1.2,1.0425895634300424
1.1,0.8228320396624816
1.3,1.1855266683359649
1.4,1.3108625912800809
1.5,1.692784005991997
1.8,2.23866899691963
3.0,3.6681556234129746
1.4,-0.18980817496863167
0.7,-1.5969348475591247
0.8,-0.9713644335582368
0.3,-1.9993372217595144
0.5,-1.2460161861323618
1.0,1.122385897362813
0.6,-0.6404242427671422
0.9,0.3737424855789443
0.5,-1.7470514422421553
0.9,0.7250590779283654
1.4,2.149104956423327
0.9,1.2233968030738271
0.8,1.1650419933400145
1.0,1.629677199075344
1.1,1.5768508224464466
1.0,1.0406890125484172
1.2,1.876111175973367
1.3,1.664189614505425
0.6,-0.351791399379344
1.1,1.29342126660142
1.0,1.1116277222852085
